titre,entreprise,lieu,lien,query,location,date_scrape
Data-Analyste (m/f/x),Travaillerpour.be / Werkenvoor.be,Saint-Josse-ten-Noode,https://be.indeed.com/rc/clk?jk=dadba39bcfcbe3b8&bb=0i9HGqYeTO3NsK5WmascBN86e1YN_YOwKXX9pq3TTnMQza0bfl1YXlYPXtsI2EWILKoyd9JDI-mKM83-PTg7uY-Dfw8RrQRUxVP7EGFLtN-KnSwcoCo_CbvxzawbKpPW&xkcb=SoD967M3kXtMjlzCDZ0LbzkdCdPP&fccid=325d7c89ae6752fe&vjs=3,data analyst,Bruxelles,2026-04-21 10:29
Data Analist (h/f/x),Fedasil HQ,1000 Bruxelles,https://be.indeed.com/rc/clk?jk=cc69992b491313de&bb=0i9HGqYeTO3NsK5WmascBKnUUcYfTIJ2kkVRSkJnIv__vr-8hJPgH6ks7PBdOMiJW__cqg4tp9qrpv6WwykUskobLpxPplEkTNLkdf5DXoDRKLNw_66hxaho5p9eyzIN&xkcb=SoBJ67M3kXtMjlzCDZ0KbzkdCdPP&fccid=6948a7bbab452a34&vjs=3,data analyst,Bruxelles,2026-04-21 10:29
Data Analyst - HQ Bruxelles,BNP Paribas Fortis,Bruxelles,https://be.indeed.com/rc/clk?jk=3c395bd0df4ebbb2&bb=0i9HGqYeTO3NsK5WmascBEeaK2X2PcjDkiVeszS1KUnboZ6y4zZOa-IpYlwxjybF10EvXyTZHNIN1zcIVoycp4ynv4UtPPwrznjhalAtxgAoGzSB_FQcmQUeJK2X1PVY&xkcb=SoDU67M3kXtMjlzCDZ0JbzkdCdPP&fccid=1392500f835bba92&vjs=3,data analyst,Bruxelles,2026-04-21 10:29
Data Analyst (H/F),Extia,1160 Bruxelles Auderghem,https://be.indeed.com/rc/clk?jk=f8f457a06de03c5d&bb=0i9HGqYeTO3NsK5WmascBOYYl-4MIFyfyzQ9eKHuc0CxuyAdGoGsDIbbsEQFi94DKHjEDFBTVwAYP-tkaslfju2VY9if4y18R9pR7V_BhqV_2GCWbOTXO6iqLYLgPhLK&xkcb=SoBg67M3kXtMjlzCDZ0IbzkdCdPP&fccid=51f8790ad48982e0&vjs=3,data analyst,Bruxelles,2026-04-21 10:29
Data Analyst,SPF Finances,Schaarbeek,https://be.indeed.com/rc/clk?jk=f5719035b7e6af97&bb=0i9HGqYeTO3NsK5WmascBOc0-YGZ3AtSLAZihz23MnYR8zrrpa0RKJP4pP9IuGdbxXvIXTRXOybI70fPaEHAMBQuDe7roKSxL2A2V-ZuYupkeKhu3xwF2q4ihdYA8PtK&xkcb=SoDu67M3kXtMjlzCDZ0PbzkdCdPP&fccid=9ec06fd843cfde0f&vjs=3,data analyst,Bruxelles,2026-04-21 10:29
Data Quality Analyst,Smals,Bruxelles,https://be.indeed.com/rc/clk?jk=f4627755309a5222&bb=0i9HGqYeTO3NsK5WmascBJBuN5oeLDsJqbiq0x4Ueh1Kyfxizi28JhCisAWdj2SNdogTtkTQbUIqTAmdLeOgeGbZRu2eEMYcAb78eyHRoDJhJDHoKIzmxgn8R155eNOm29H3TZA-qxY%3D&xkcb=SoBa67M3kXtMjlzCDZ0ObzkdCdPP&fccid=06d3cbc8540df2a6&vjs=3,data analyst,Bruxelles,2026-04-21 10:29
Data Analyst,Carrefour,1930 Zaventem,https://be.indeed.com/rc/clk?jk=39f37205f5d8295d&bb=0i9HGqYeTO3NsK5WmascBOz8-sJlItm9aEVJ1k3_QS3Hvz8-desY5EWffFdwNPBXEZO2kP1BbWwXyf6dLWOW-4gM1onblUNkfV0rXHIT99dp69bYvRnAaSwdoHTnpk9p&xkcb=SoDH67M3kXtMjlzCDZ0NbzkdCdPP&fccid=669350d87ae4a4a6&vjs=3,data analyst,Bruxelles,2026-04-21 10:29
Functional Data Analyst,Smals,Bruxelles,https://be.indeed.com/rc/clk?jk=c2d0989b929f4ce4&bb=0i9HGqYeTO3NsK5WmascBHSnryeiYenre40oZqaeUfANFtmTuHz6wjzK0gCfPtv6hpVP5soJEfU14odCS7lRtJBMt6Ats6EhgZNDYG4PoQxwgGuhZCylAdZZEwFR7ew5TtG4-Q6ZEWM%3D&xkcb=SoBz67M3kXtMjlzCDZ0MbzkdCdPP&fccid=06d3cbc8540df2a6&vjs=3,data analyst,Bruxelles,2026-04-21 10:29
HR Data Analyst,Delhaize,Télétravail à Asse,https://be.indeed.com/pagead/clk?mo=r&ad=-6NYlbfkN0BVoitxMfDM4Cg43CFhNuK_pHhGdygZs_Zgr0DamRS3PHi-yVmindp4_0auNsock_EvA5EoeV_mizlwf9GZc3BPoDAVZCTwl10uHcaK48af-gkmEHoqnJ3rrrg7n23KpQVFqcajaWSQhRkKqPZPqn3deNYGr6DN-9pXcRXvniiJjnei56RIlaf5hiObKJX8w6-IUdV7_iG--3_FulNQiBS7WfX0hSBreTup9gn7VY-fLKmFTzV6j_A_XxxUHAIC08MBlihz4kQMVlJidIq0IK-TvLkBuyFXNSeysjBiYtYQAs0PHLZjZa6yiUxarOB4RSQnYj-NbJotK1hyUvTw476d1fLE2LQq59ndsD9xuTU76Ocm4TbJtjLczv1t3yNgVGaCxXDIcH2z6a8DHpsWPpR5zBU9RnB_0XrbpvAWh6LlNMAx0L5K3aQpo42h8r3GhurZv-wBGZlbsd1LEAgQMiXpTYPC_vOIPHfvwC1PXlB91H7mbrXIfdsCUAnxdsKBv8J6Ay3f3zJ-2nkJkp0kEms2jHO9NLoVnl6Dl27yZNn556hVdBt6Tpr6OGPrr4wXlU3jU6AlYEedxI7UL7r6Ak6k9Be_2MbLPr11w6mULme9jSbWGdQoDksU02SR0_AT_kaWo0keNGIYu1ZXXu09-PJVqEF7nnhwqSJ3Sz0t2QYn-cm_0yBUJ1nbL8v8EntNhKuhzEIZOSIidZPxLEz-pctVcyQHV6fKS84jw5yCGnXz59c-7JdWMYuc3d_gMf4eBT6hU6SIJLpF2I80QdYIwztc-vehyRm1nJQ5thRjUXLE05mHw6pfRZDEt2x6Oq_mRPNW5UCtvIYXUtyScI9F89D4b_LZlVbplxPmO6LKCArZVRMiTPM9VQVT4eHojxTQpC9H3viNlMTuiteS0OhqM2hHstEY27yTuF4bIewtAX8yzw==&xkcb=SoBu6_M3kXtMjlzCDZ0DbzkdCdPP&camk=f416UQcMBpCVH-3BRAnLtw==&p=8&fvj=0&vjs=3,data analyst,Bruxelles,2026-04-21 10:29
Data Analyst,skeyes,Steenokkerzeel,https://be.indeed.com/rc/clk?jk=f49090538378cb11&bb=0i9HGqYeTO3NsK5WmascBJBuN5oeLDsJes7P8WjsfvjZcZa0vE8_3qVsX_1JJdvQl6HM3-Oz4OzDYwGFLPprdLI3vTBFbryG342CmrfFukBtDg4tf31Bmw8Yt35p5kL8&xkcb=SoAu67M3kXtMjlzCDZ0CbzkdCdPP&fccid=72d4b72de2492726&vjs=3,data analyst,Bruxelles,2026-04-21 10:29
Functional Analyst H/F,Consort Group,Travail hybride à 1050 Bruxelles Ixelles,https://be.indeed.com/rc/clk?jk=93cccc420ea49c80&bb=0i9HGqYeTO3NsK5WmascBLgc78Yh7bxtgxgqueMrUlh4a2vGSRiv-8b3UsQdeY56ki1iFdLQA5FpdsXoam0oZoQ_yGSErXM_Fbyugo9olkoedvI6mtM-RruicRs5vYHs&xkcb=SoCz67M3kXtMjlzCDZ0BbzkdCdPP&fccid=7fae83e39c149e0c&vjs=3,data analyst,Bruxelles,2026-04-21 10:29
Business Analyst,Infrabel,Anderlecht,https://be.indeed.com/rc/clk?jk=157ea2cfdb848b61&bb=0i9HGqYeTO3NsK5WmascBHPhdlhPiqv4YyPyLObqMudUnsxO0UjeMvKRzSCBbkjYPXCSOJuYwp3TnJEl766cLudIYd0XGy9VGajtWBMdhoJnB2OBG-M9x2OnHmN8_a7-&xkcb=SoAH67M3kXtMjlzCDZ0AbzkdCdPP&fccid=ddd0400dc6cb0b6c&vjs=3,data analyst,Bruxelles,2026-04-21 10:29
Business Analyst,Infrabel,Anderlecht,https://be.indeed.com/viewjob?jk=0f1e2d3c4b5a6978,data analyst,Bruxelles,2026-04-21 10:29
Data Analyst Confirmé (H/F),Extia,1160 Bruxelles Auderghem,https://be.indeed.com/rc/clk?jk=dafd6f64f3a9d598&bb=0i9HGqYeTO3NsK5WmascBF789J-0skiN7PuOsfyZly2PHrd6xlfpN9-M5FSSGqjAFOEYn0qQtPV4EN-9pIhAOx9A1Ms6ho7ShBog_HDrOLGbyM66rf5Mpq4PY0W8dPsH&xkcb=SoCJ67M3kXtMjlzCDZ0HbzkdCdPP&fccid=51f8790ad48982e0&vjs=3,data analyst,Bruxelles,2026-04-21 10:29
Data Functional Analyst,Smals,Bruxelles,https://be.indeed.com/rc/clk?jk=d8d2808c99c05282&bb=0i9HGqYeTO3NsK5WmascBFOUdGZM3mgkR3qH2m_XKoshIVEOTrcXvxao5G25i8PIgNqWkg0OsZzVM6BdvVFniunyXdURAyJeSTI-tiqU-4MpksIqmXMGz0CWkdwiqwMCQTfdJME3PU8%3D&xkcb=SoA967M3kXtMjlzCDZ0GbzkdCdPP&fccid=06d3cbc8540df2a6&vjs=3,data analyst,Bruxelles,2026-04-21 10:29
Business Analyst H/F,Quanteam,Bruxelles,https://be.indeed.com/rc/clk?jk=932f3bbdb423916f&bb=0i9HGqYeTO3NsK5WmascBNWXOzVMNovNe1MlrewGrNnupwXNOBf0tnRgIqqCWz9Ob9Pc0VvwF3eB_AMgpakloI0-ewwSE1C_N43AneaM4URhy832XxtPO-bZrGDZ8Vrd&xkcb=SoCg67M3kXtMjlzCDZ0FbzkdCdPP&fccid=bf3fb669dcbf8d45&vjs=3,data analyst,Bruxelles,2026-04-21 10:29
Data-Analyste (m/f/x),Travaillerpour.be / Werkenvoor.be,Saint-Josse-ten-Noode,https://be.indeed.com/rc/clk?jk=dadba39bcfcbe3b8&bb=4i5g6YWk1FS0BFhdcIe6cB20ZjshGSCCv-Zl8UPay3tj_jZx7TBBlwaXFh2Ut0L9e7zjCMkSYnDFni5xQA2vnA15-jRHe6uQ-puJcwt_Dng3OhfVLvmFKKpFuESJ61PO&xkcb=SoAo67M3kXtMLYzNzJ0LbzkdCdPP&fccid=325d7c89ae6752fe&vjs=3,data analyst,Belgique,2026-04-21 10:29
Data Analyst - HQ Bruxelles,BNP Paribas Fortis,Bruxelles,https://be.indeed.com/rc/clk?jk=3c395bd0df4ebbb2&bb=4i5g6YWk1FS0BFhdcIe6cHQ6qNg1X9A-kZIGbcDQ4oBsjlqruVxBiLybrI6XZXoCMA3nmKVwCFwrsbEU6o5WUihzge7Z8LGhKefY8wiKIcWAC7DmAYqhaUIHnAfzwHhA&xkcb=SoCc67M3kXtMLYzNzJ0KbzkdCdPP&fccid=1392500f835bba92&vjs=3,data analyst,Belgique,2026-04-21 10:29
Data Analist (h/f/x),Fedasil HQ,1000 Bruxelles,https://be.indeed.com/rc/clk?jk=cc69992b491313de&bb=4i5g6YWk1FS0BFhdcIe6cB9bxrOu7UtHip2wgHHQSNa3r6aFCk3TJX9w_-Jd2FOI9dFcp79tP-8HpqvO-zLMRkuUeqsroRM3FtItoOmQWPJQ03HgpFG0YZGK6Biu80kY&xkcb=SoAB67M3kXtMLYzNzJ0JbzkdCdPP&fccid=6948a7bbab452a34&vjs=3,data analyst,Belgique,2026-04-21 10:29
Data Analyst (H/F),Extia,1160 Bruxelles Auderghem,https://be.indeed.com/rc/clk?jk=f8f457a06de03c5d&bb=4i5g6YWk1FS0BFhdcIe6cNLk-OwJopTO88YPrDtlu8timF4nXe2aVyMdCPOmk3U8RN8FVzuJrXQ5cFFEpGuYfoIsbCIwcK5K60rfcZ-QPtY9JJuo6iH7Jx_38Blz7WX8&xkcb=SoC167M3kXtMLYzNzJ0IbzkdCdPP&fccid=51f8790ad48982e0&vjs=3,data analyst,Belgique,2026-04-21 10:29
Data Analyst (H/F),Extia,1160 Bruxelles Auderghem,https://be.indeed.com/viewjob?jk=123456789abcdef0,data analyst,Belgique,2026-04-21 10:29
Data Analyst,SPF Finances,Schaarbeek,https://be.indeed.com/rc/clk?jk=f5719035b7e6af97&bb=4i5g6YWk1FS0BFhdcIe6cM9AXdVx5BAIEZGUCMhVKWauc3KfF4kkuw3OPUAbBEM4Wjm2knlxIUXCrxdwvbUFCVZp5n6lGi8mN0l4t2djK1_g1WzE-z8KV--VCDrtPO4i&xkcb=SoA767M3kXtMLYzNzJ0PbzkdCdPP&fccid=9ec06fd843cfde0f&vjs=3,data analyst,Belgique,2026-04-21 10:29
Data Analyst (H/F) - Belgique (IT) / Freelance,Mindquest,Télétravail à Gosselies,https://be.indeed.com/rc/clk?jk=e6ea99e1a8869443&bb=4i5g6YWk1FS0BFhdcIe6cHMNqIkQMyITbc5G1R9oiaosRgCbsEXF5I6YP2wwaTvYxcXNesOJITOqQhFSr9i8Ii9Iob78kAsISrTXCVdXWD32An64hwhetQrDDxFB36Bi&xkcb=SoCP67M3kXtMLYzNzJ0ObzkdCdPP&fccid=9355d093065b9a46&vjs=3,data analyst,Belgique,2026-04-21 10:29
Data Quality Analyst,Smals,Bruxelles,https://be.indeed.com/pagead/clk?mo=r&ad=-6NYlbfkN0Ap2FULOwKTV8wmlC80HtiicegvfVJ2HGG_JhsTsMSe7WrvtKJovykk9_fzekhjGDQWM_4jWgxYj51zgzj1Il0mWoMqWZ5NacjVET1ByQz0HqIydX_UHph1dyHQPHWnUKnIRygNjb-8ruvgSw0-R-mygKxgRlxTDxR0gRV3Fd4BnjImEzaRc0_qlVKvLXILZgA5yqUUrQKh0PyVSBJPi5ZQHjoYMmnYQXX85Y3VGq1AXkP_cHVfLQ8xCmjaSLxi4XCfSG_VA-Am_uapWsXcWeq0fEV9SGejfsca3MveZsQf68JoZFTCfDPOx0Jt5AvVYywg9Wk1RUkoY1ep4YhSzij2H-HZXxKb53lINDpSNlndQT350ZxPteD8uwgvzxBpkzedjp2XJzThnVX8wRtt9sOD1y8nKts-YzAjDnZ3zuIMnCMmKXrT8KWjxUNKR-apmUInHfLlVsqG8fVAV74TpleiY6vSpu_W8bYpqSYiLPPdrcU01VJu0zTzZHn_T7jbiW0jKeiBHZQbX0fAPVc63pdo5HdppdklBorQfrJlZA3IDg1l88E508Hcnumm-sci8vuCCUxQiXMgWtNc9qyTs71s_ck-6RWMCjl2Icko5-VUG4zg4Yw1jsBR_rjKjS1lRzJC80Ssif-BEwkvuNGhFG9V_rcfC_ilgUcoZyyXi-RhQ_3c0iOrBI_QwnGkv30bPb9T3Tw3tociO5AkDBEzoJA7QRbn4qVGbRtGtW8bpJZKdP6U3hp_xJRuEYVZ8f8pFPKJC4FsFy23uktdJL089qwtMAFF_mQeVuPqZnjL01Wj4PcjS2LZW8LSMQ5l5uToXv8eD_qg1NeKS6-KEc9fCNwtPdMKQkC5LVc6p6HNkD-AfMIAuvbV0FqbOCvEgRxtztiAzUgu4-p2dccG9bw4RrT1Nxpc3yQmDMI=&xkcb=SoDm6_M3kXtMLYzNzJ0NbzkdCdPP&camk=nUmJqO2E8riM4OPJINzs_A==&p=6&fvj=0&vjs=3,data analyst,Belgique,2026-04-21 10:29
Data Analyst,Carrefour,1930 Zaventem,https://be.indeed.com/rc/clk?jk=39f37205f5d8295d&bb=4i5g6YWk1FS0BFhdcIe6cBBHf5yMPIOX3JwnCeNIRLuRrFq5T25YaYmN3RNRYcBpOQVFyD3JpJ6ik3CG5_E0Gfd99I3u_yNlOhPNqlOMedGyS5qkM4J3b9ZSX66Nl1vl&xkcb=SoCm67M3kXtMLYzNzJ0MbzkdCdPP&fccid=669350d87ae4a4a6&vjs=3,data analyst,Belgique,2026-04-21 10:29
Functional Data Analyst,Smals,Bruxelles,https://be.indeed.com/pagead/clk?mo=r&ad=-6NYlbfkN0Ap2FULOwKTV8wmlC80HtiicegvfVJ2HGG_JhsTsMSe7WrvtKJovykk9_fzekhjGDROA7hIvXyopYTIw_yjlgSJdkTdWu-cfOzh_N8js_1HjjDr6zjt1wylvnU7MqN9HV5QkLWWBV3AeFhAA9gxFSpGpEqH4QM3CXv8zGgUYu2tlWcQjtT2zw-R4bgxLcj6tsDZnye9ojvPnyXPlRwH_cHMlPVE9DCV0F4bkJLWkJQs7vhqQig0MKbM2KdVAmqVKh9tXJJoRUZx4MmQAyT1gbufmOiBKxPBRup01YZ1cQyggrwsq7B79Su92INJTEZy2_TocmgkZ3gsloa9vWNRI0PHHDwlhEZX_Vcjcx_Z7pbNiBlm7Mz4HPLPU2sX4JR386ws5_-YtGMi15avJbLrl32VnTHuPiQPldjCdT5Oh43-7RtBU_ffzHxB43TbCYhVYUDpGzkS_D4ksU1U2wfzn-e6Ulk6GEO7cCwbSAJWFKZXB_FQhS_WMx_-eZxM7zxuIO2Rtnsnt9KgjuKDcu_z24IAxWMsls5qdeqTGwQV7lsJyoLar6UgsKizt9KPRjPKyU1dOZXQwVVx5C67iiBaUwMhyj5cghSpzI3DpmZDnZqMWhdL0TFGEBYB4cqjDjeoSFopgdbyZqtOK4hawFFUSZDMT8sNZiWHjb_9PKz2u9q595XDB49wTu-mnN0Y4Cycb9APn9rv3GMbgxlni3l1ZkZqIw3EBCggsZCJbffS6UIFoxLGO_LcLP2fK4lRzKrrXo__e8C4uNu4PYBw-W4G3V-rcW0rDMN0isLeSya-mBebcnHyKwUETYUBBaL6RUeVb3qwrUk6pdPagHYluMzeceD0eQUtB4g4dxYaggSN3QIbm6tKzis0QWSHqXWSwDu1gfKCIw6ljCV37D-UKKJ4HkqJKF5T_47eU5VXjW6mNDtgIQ==&xkcb=SoC76_M3kXtMLYzNzJ0DbzkdCdPP&camk=nUmJqO2E8riM4OPJINzs_A==&p=8&fvj=0&vjs=3,data analyst,Belgique,2026-04-21 10:29
Data Analyst Confirmé (H/F),Extia,1160 Bruxelles Auderghem,https://be.indeed.com/rc/clk?jk=dafd6f64f3a9d598&bb=4i5g6YWk1FS0BFhdcIe6cOGYvx1CVesjyaeimoeogwuIqDvpSl_UYZTxUukK6UHRKkWapSUjysI_lNGw5vWB03KT48GhRjavpxWa3I5Lva--r3T4nv1z0U7mAmiZcnYr&xkcb=SoD767M3kXtMLYzNzJ0CbzkdCdPP&fccid=51f8790ad48982e0&vjs=3,data analyst,Belgique,2026-04-21 10:29
Data Analyst,skeyes,Steenokkerzeel,https://be.indeed.com/rc/clk?jk=f49090538378cb11&bb=4i5g6YWk1FS0BFhdcIe6cGOgzIJ1EUM5yxQT8SBDlox_2CfRiRVZvh37LaF3J_63ZCxeqYN31AJtpu4MswVZXoOAN8ZAB_dVG1gxdTYdIqhCYz8-6I8LRxRmli25jTr7&xkcb=SoBm67M3kXtMLYzNzJ0BbzkdCdPP&fccid=72d4b72de2492726&vjs=3,data analyst,Belgique,2026-04-21 10:29
HR Data Analyst,Delhaize,Télétravail à Asse,https://be.indeed.com/pagead/clk?mo=r&ad=-6NYlbfkN0BVoitxMfDM4Cg43CFhNuK_pHhGdygZs_Zgr0DamRS3PHi-yVmindp4_0auNsock_EvA5EoeV_mizlwf9GZc3BPoDAVZCTwl10uHcaK48af-gkmEHoqnJ3rrrg7n23KpQVFqcajaWSQhRkKqPZPqn3deNYGr6DN-9pXcRXvniiJjnei56RIlaf5YNNY8cVcKa0xtEo0qogCahK2V-vG_DfOXCLSRr_S80cXSO5hFNZyU5O4wxZE4UJswQe28NJWv_SpXWHsEy3TnLHqXR09Ctj5cqE8na18_4YaSt-tN399UAghwSZH5LUwLTxbunTbQZfKlEVfw0P9ZSteByHPWBvhJdg14FkpmpdwRRCEyAa6hkJVo9WU_SbC2FER0bs12wjPwdHtgp_0ssz6pCf1wJOEqaRXZQljczZVnbyl8h5GQzHd4Yu6miel1-OGst6BhHrHmq94Mw-o8GPxKNChAbg80WdEFYdw7FrW1Rz-SFTvEPkVoVDr3l6W9B8cO-UqeFd4SpI181P8GvdNfL_EAb_FRmgKr9mhSSOOPEVMmsKaqStCpIwOe_JpR9KMcwUEz-fQcH0cMtT6P4UkSf9-rq69AEBWd7HD0LewsY28BwE1kY8coz7nvC8FrYbXVL4sX-Iduz35vQj7UniDlhHU7ulHIAEnAgDxBicG7Egt_dSSEz2qHGUCDFM7IFNuPobakPcuq_8hMy-JOldRyjziiYklRBflv_MsY4K6L9ltzAEATUwdutal_vVc-gvF9M66gqeLK6HHfTZP4xe508JCq9jslQYc1nd5LKZbBD8_eCDL5o-6W8pbpX4yy2zKosz8bBtL2JTqTgJISfhtgf2p9gRGfXWX8n48Ta5DZql-vWsu1T3soATUMrMrU1QNR6lpKiBla6MvII6iy2PeAvtrlgUjwLnp07tW5W-Z-cT3Xlrkig==&xkcb=SoAm6_M3kXtMLYzNzJ0AbzkdCdPP&camk=f416UQcMBpCVH-3BRAnLtw==&p=11&fvj=0&vjs=3,data analyst,Belgique,2026-04-21 10:29
Data Pipeline Analyst - NL / FR,AEROW,Télétravail à Bruxelles,https://be.indeed.com/rc/clk?jk=7a1bbddc256645fc&bb=4i5g6YWk1FS0BFhdcIe6cALjVi2OKn43CaBH8VGD_fQsIQmVA8iZZ2J33mXL7hn5-FUPW32h8czBlTPzzeyPrKr5CBrlPxMv1VQRSJt7RL9V2UpuHXiTTIhgBzV_2NRJ&xkcb=SoBc67M3kXtMLYzNzJ0HbzkdCdPP&fccid=f615869c963a999d&vjs=3,data analyst,Belgique,2026-04-21 10:29
Business Analyst,Infrabel,Anderlecht,https://be.indeed.com/rc/clk?jk=157ea2cfdb848b61&bb=4i5g6YWk1FS0BFhdcIe6cBMyXpw_W-wWOLb0h6876G1GJma_KP8CJPHTA94rePD7o1nE0ipIjj8vU-k8jJPCwVIdDurl7mhIMeEk4591a7JCPxzSq_E16m0_Vlf2q8S2&xkcb=SoDo67M3kXtMLYzNzJ0GbzkdCdPP&fccid=ddd0400dc6cb0b6c&vjs=3,data analyst,Belgique,2026-04-21 10:29
Senior Data Analyst,AEROW,Télétravail à Bruxelles,https://be.indeed.com/rc/clk?jk=2324232c89823544&bb=4i5g6YWk1FS0BFhdcIe6cBBHf5yMPIOXNkcuE3vI0LWKMexMjj2ceGJ6SmUI7J57YfClNE0ozt5r7DNjyfstvRvMBnSflcrLYgSDq-XEis2mD6wO1XvTE-mZagXywGpN&xkcb=SoB167M3kXtMLYzNzJ0FbzkdCdPP&fccid=f615869c963a999d&vjs=3,data analyst,Belgique,2026-04-21 10:29
Senior Python Developer (M/F/X),Acensi,Bruxelles,https://be.indeed.com/rc/clk?jk=7282be4349434a35&bb=2u2IBosjmVxGRNA1po5OHEuYdjiKxO6uW1ahJ9jZ80BdFZz0uVjKNdZTjP_9V0MDkQM0ZuH9rM06h2lIZAFIwdliiGVTwTiEz0QtXo3uwkM2IKPEG9IykmfsR-O3AhSP&xkcb=SoD467M3kXtLS1TF650LbzkdCdPP&fccid=0c75d0e2b945231d&vjs=3,python developer,Bruxelles,2026-04-21 10:29
Software Engineer Python H/F,Extia,1160 Bruxelles Auderghem,https://be.indeed.com/rc/clk?jk=98c707523f1f7ff5&bb=2u2IBosjmVxGRNA1po5OHCvAODFR7Kgf5cieFfsxS85GHo-MHxylKHzzPMHEgSMU738i1lm7rSgDtm9NAGOsiFE1TFLGuiBN3xzO1YQ0fMr8Mb9E5oa4qMeduUOLfTlG&xkcb=SoBM67M3kXtLS1TF650KbzkdCdPP&fccid=51f8790ad48982e0&vjs=3,python developer,Bruxelles,2026-04-21 10:29
BI Developer,Smals,Bruxelles,https://be.indeed.com/rc/clk?jk=f03d1f016dac7858&bb=2u2IBosjmVxGRNA1po5OHKKadELdUr5ucgF_U0NHV1LcGBs_obtMbNJHtXdpTFpd6kC-bbV7q4Sf8z2BEAUna4ZFIyWTeEFVHWGu70k2hpiONeT37_IB5ykEjNhzZT43&xkcb=SoDR67M3kXtLS1TF650JbzkdCdPP&fccid=06d3cbc8540df2a6&vjs=3,python developer,Bruxelles,2026-04-21 10:29
Développeur/se disposant de solides connaisances en Python (m/f/x),Travaillerpour.be / Werkenvoor.be,Etterbeek,https://be.indeed.com/rc/clk?jk=e41cf14ce762599b&bb=2u2IBosjmVxGRNA1po5OHAFK0JXDFHcgXZXBk9YDCYd-Yk_6ejtU8SoFJcFGJZww7d1OfGVEQoOR5pd3i7ddJddkkMPUAbBMr0sbAkYej_qF5_83eX-oyrRT3FPTbvCv&xkcb=SoBl67M3kXtLS1TF650IbzkdCdPP&fccid=325d7c89ae6752fe&vjs=3,python developer,Bruxelles,2026-04-21 10:29
Python Engineer / Test Automation Specialist,Mutualité Chrétienne,Schaarbeek,https://be.indeed.com/rc/clk?jk=e432200300f77ffa&bb=2u2IBosjmVxGRNA1po5OHDO2ja0aZxGnZkl9QaEKRUdAadQ-Cl0PFGZZg_w25391-2rrRJYMZnEEsrErf7BZPNCMnTo62_L-83NfwwCStzuOnQM19p5xe3DX5SJGHX1o5ri55hfWcW8%3D&xkcb=SoDr67M3kXtLS1TF650PbzkdCdPP&fccid=f97852dc144238b6&vjs=3,python developer,Bruxelles,2026-04-21 10:29
Python Engineer / Test Automation Specialist,Mutualité Chrétienne,Schaarbeek,https://be.indeed.com/viewjob?jk=456789abcdef0123,python developer,Bruxelles,2026-04-21 10:29
Power BI Developer & Administrator,Paradigm,Bruxelles,https://be.indeed.com/rc/clk?jk=b5410d56c48b1cb2&bb=2u2IBosjmVxGRNA1po5OHNW0lY_7bkw0KMTWc5XK0aM2rj96CAdHGM5Lv8uFZo-MDY9660_CWk82cYwXe8y0oE2VYaVLOvJz0-R8I0hdHuflsCAE0ehdZ3CZH3EftGEE&xkcb=SoBf67M3kXtLS1TF650ObzkdCdPP&fccid=756b56d5afcb7d62&vjs=3,python developer,Bruxelles,2026-04-21 10:29
Business Application Developer (.NET & Odoo),Embuild,Télétravail à Bruxelles,https://be.indeed.com/pagead/clk?mo=r&ad=-6NYlbfkN0CmGzI3U24-o34otkjFZi67HbiJsRYvr1xSi-T-nFie17AZXor4Ck1Rc43ITnRw7v6ZigA-wCazOO4RXW7JlnsuctwqNmF3RIDqKORaRF8x5P_A7E-uvqrTUxuyoBvLAyFGUbeYytmfRobx5ndwILDM5N0rsZglinamLYgrYGW_G5ly8hF8uYH_hmtX-XzVePmEF-rMsf9ZvbrX8QWBc2Iv-J3CWI7Rw8HPJ9lngN3rFY92zxgpBvqq1dpSuEv7lfsOwcfQzBXklm-EDt1TPdyfTFh9bszC6CWqxtLUMLYOtg8j15Xa6CUNJna03PL5S9GfyPjLfClHDLyTC1QonoadxzfVSMvN7fU-xPbXMU0rG_BqnDDxU0EssU2KvYtFrHF2Jfja-DYkxfFJIgtWQQIsXssvxfkgel_ky0P0nepHZrZR4cdJZ8srUaWGqj6fGlvEUoMYl8oJECkvuXRwEHx4h9Q-O60CEdu1c4OZrUowedCO5zT55qzMZxeJ_ZDwoJQMNxIwXIayPYfd-0Tnmvn3VJ582_4tSBveuL2gwgMzv2fSH49NgRTk5gO8EBnkqWjpjK8_eBP6XPtce9SmPHpAIvOfd2t-2C2kFSjSD2Zz9GO-p-hLOL0freubsDNatl9osYIlGht-vRpahGDgujikMsmM1F3HGwLYZaSrgc37pbKyNg6ZgrszAQ49tfcQ-rtn_hEqrqKBjQ==&xkcb=SoA26_M3kXtLS1TF650NbzkdCdPP&camk=C3EPSzFlQw_sczc4_ouAPg==&p=6&fvj=0&vjs=3,python developer,Bruxelles,2026-04-21 10:29
IT/Tools Operational Development & Support & Full Stack Developer (H/F/X),Floreal Group,Bruxelles,https://be.indeed.com/rc/clk?jk=de290e9d15d6a5f3&bb=2u2IBosjmVxGRNA1po5OHM8qohWl9nDG7-5Cy5dXox8BnP0JvAFJByD8x0dZOQEV5JGekphIqGNceNVau2DBuDumxgtFNe6Lage9AtW7_kYNxtf-IfcJCqkl8_6P9SyQ&xkcb=SoB267M3kXtLS1TF650MbzkdCdPP&fccid=55ea39be10300be8&vjs=3,python developer,Bruxelles,2026-04-21 10:29
Software Engineer Python Confirmé H/F,Extia,1160 Bruxelles Auderghem,https://be.indeed.com/rc/clk?jk=bbe0b98b2ce4f82e&bb=2u2IBosjmVxGRNA1po5OHCqJlG5IyKKtGMkx2VAtsPiP9zWXKHWqKd7mwm3YbVL7SZd0_CCQMAN-tdORdiYZuUx6IGfwa4LHh8dFhljdR3eFfxvaa7X-kfHAUunuhgqD&xkcb=SoCf67M3kXtLS1TF650DbzkdCdPP&fccid=51f8790ad48982e0&vjs=3,python developer,Bruxelles,2026-04-21 10:29
Reverse Engineering & Development Analyst (m/f/x),Travaillerpour.be / Werkenvoor.be,Télétravail à 1000 Bruxelles,https://be.indeed.com/rc/clk?jk=8cbd4dc9f430b202&bb=2u2IBosjmVxGRNA1po5OHEDeQSc2ZKKYA0_oBGHnkzYjsyKx-6TNhtG5DMqWcuFvVIugpf3KYcX8-GJsAbNfZROniFrVxi3UxPvJJORMDpB4RI3iiPumkACWomtYIm3z&xkcb=SoAr67M3kXtLS1TF650CbzkdCdPP&fccid=325d7c89ae6752fe&vjs=3,python developer,Bruxelles,2026-04-21 10:29
Software Engineer Python Senior H/F,Extia,1160 Bruxelles Auderghem,https://be.indeed.com/rc/clk?jk=aa3c6d50c58fa748&bb=2u2IBosjmVxGRNA1po5OHGbndrq3B20EqXMcYzVgqPdWG1AFE16EqqT3q6oZ_oxze6RTzH_SBbj7Jvj9am1Qs6t_BnbGDKBNsKPYQGLBDqPSL7w-nH21AGbyUsRKLT9b&xkcb=SoC267M3kXtLS1TF650BbzkdCdPP&fccid=51f8790ad48982e0&vjs=3,python developer,Bruxelles,2026-04-21 10:29
Business Application Developer (.NET & Odoo) - Du concept à la solution : vous développez des applications intelligentes,Embuild,Télétravail à Bruxelles,https://be.indeed.com/rc/clk?jk=47905d5f95520cd7&bb=2u2IBosjmVxGRNA1po5OHDfKiDyTL0_BdqRWyRvKht5eTnUX9k2pRbNgqGavNeT2YARYvnX_bM7E7Y2UoKds4ys3Jl4w25D3kGSNDiX2IwpL5MFa3gjjihtMnA3zbxwr&xkcb=SoAC67M3kXtLS1TF650AbzkdCdPP&fccid=ad48c3a494983266&vjs=3,python developer,Bruxelles,2026-04-21 10:29
Secure Software Developer (F/M/X),EGOV Select,Evere,https://be.indeed.com/rc/clk?jk=acd75ddecf520038&bb=2u2IBosjmVxGRNA1po5OHBGNi-1cPcVSog9RDwNEstzbssAsQlDqFPoZtmLi5skxE0tEaee370YVMprNqKKjB3JaE-3acsdCwCEQvE-nohVFdOI2tNTFFGiq7CUPDrjC&xkcb=SoCM67M3kXtLS1TF650HbzkdCdPP&fccid=f38ddf298443c1c0&vjs=3,python developer,Bruxelles,2026-04-21 10:29
Senior développeur C# / python H/F,Quanteam,Bruxelles,https://be.indeed.com/rc/clk?jk=a63aafb4754f74f1&bb=2u2IBosjmVxGRNA1po5OHOE0F003VHOt_B4QTsRMWuGBULkOg1G_CYLTPI3DBS8O_AjtpQalTuvQi2RZ1vM_QYWLBwjJhFmkt1A6Xn-QYLXYCE7OhBD_3tE_fWqwTamO&xkcb=SoA467M3kXtLS1TF650GbzkdCdPP&fccid=bf3fb669dcbf8d45&vjs=3,python developer,Bruxelles,2026-04-21 10:29
Développeur senior Python et OutSystems,Mutualité Chrétienne,Schaarbeek,https://be.indeed.com/pagead/clk?mo=r&ad=-6NYlbfkN0Dgaxn9h3XtOGOAfVDXAFhl3-1dziKi5Fb-TPqvum3rcljv_J8tx4ChBAC682GfdQ0UDzN5sPQaURCJTYpR60SJjyXO1_QOtKUeoWfBWP7beR-stCS8GIkgY5iyR30MpleF8SI84Nt0e38_8l2RpiI4LBtgET-1xxM2BJX68hViJVC5sMysJpzDN5Z0fZozxIPOX41fdUKfRNTy7ZY03SSzc8l6WqlFRGigEb4OH4qprF3Xr2GWn1eb_qAc2dYXaDo0iee87HHPwRA2ex53q9rcjwpBnhE7YUIDosn5fBdWmuM_qFE_i-DlhNWat4YHBEcz0tsus7jU0UXXo8RQEofAHstNnxvGuR-VF9l77-lE7JSAUdKpv4JltFx1khv7oB6lkc93y7ePY4as9mgksMtc94_pci-OW_iNlmxpiKjBnT2Zbr0qdkWz93IAC8h_DO_9K5NDAz18A6FTWmLSoMme8n-HO2Y_b70WPOuG4prPNrqyxI27zUJTj-ieG2QnGu8S1ycBaUiVdraL2RymIFVwEAZ9-hh4jtri5Cmul2eGzna3BJ3TZLZQdE9OdiM3S9mfVhgDTqLO0R-QtJut6VYSILSJdgUsZwfZYf9sQrfcdqWDyvnxuI5E3Mfe5RCyYLQQOvejp0wRBYlaDwGyRDvQIWUZtM9RQfNe0YkhjVDrGalLEbs8OPrqOBpCkJtR1J2o88wgRleP-uP6MxOjHM9MqZQUn8qpGuqSOG_hT_9FsIDHgLyyV6qQzqZbLpPwuAI4qkbPJk9xPA==&xkcb=SoBR6_M3kXtLS1TF650FbzkdCdPP&camk=nUmJqO2E8riMWev5Fz35qA==&p=14&fvj=0&vjs=3,python developer,Bruxelles,2026-04-21 10:29
Senior Python Developer (M/F/X),Acensi,Bruxelles,https://be.indeed.com/rc/clk?jk=7282be4349434a35&bb=zfyFo6JFrnqkQlAihhmSmzhTSAY7j2EpSh8ZqepS7pu4J7jCqpFY8VbUyXq5d8YzDBft7bknaIC2mPWISSLe9ioKUClJZh4_8kfuUhjVO8YJaJopTHGkHhoUXVjrqIaX&xkcb=SoAd67M3kXtK-GzN1B0LbzkdCdPP&fccid=0c75d0e2b945231d&vjs=3,python developer,Belgique,2026-04-21 10:29
Développeur IT,Ecofrost,7600 Péruwelz,https://be.indeed.com/rc/clk?jk=4f4e1fb96b792299&bb=zfyFo6JFrnqkQlAihhmSm4hGtjV8cb1baCevh61-Vx91nVyTbGMZcx8uqe_YG79_vm2Zr09jQGkLkqaBfCDEKqOwRtxIT2vPq2QQt9iGRI4N9go4Ec0LNvj94XzveFdb&xkcb=SoCp67M3kXtK-GzN1B0KbzkdCdPP&fccid=4b2c3c66b1f8705f&vjs=3,python developer,Belgique,2026-04-21 10:29
Developpeur Full Stack,Icare-Soft,6040 Charleroi,https://be.indeed.com/pagead/clk?mo=r&ad=-6NYlbfkN0CX47ABcXcx3VYiiT2HRTTLQmMgft2Ks9zX427cTkXf4tTEt4Pd_u8UGADd5YyTzhVBHj4_-NsQwa3TC4vBjcOqYEfbCVyeIPHkmEQnfGJtRAompnQ5hcdTlC2Sz2emX34utwpcdI9M1WkVJYD31NxW19bCelyKavl9c7_5HQFxGDGMrO0LVH3SsxNHgmtjYjs98wSg_eEwzQdDaG_1tk6OBJWA6S6FmBU6_fs3SiDVUO83zyF2eX3B35fsL1bGIaHwZDzWIFrkDJGNggQ1F5POqroqDWYDSrp2dF114WVdpKqsiY8nBOf70mbt48L8B5kZbdCsn3ax3EiYueBIuLQxZBi1V_eWiJBzY752HgsZWekR5Exl-WPGKQR8YtNK3E7a5Ey4syVwCCBwjB-yBB61BvRinmNYteI9EpcVX_6bB2XnDlnMO-HY-UYeu9yCnRyTfUkLhdLCmW79OB13KEwGL1Zv2yGs2dTT1yhURG33tfDFhnOhUiuB05I6t5Ab0DQkz3UQGRegjtne6h5m-00kwpkamIA4pbMJAImpfCWOl5xP07DlY9CQHddPl7idGB7ni0uR3G4pKHPs0qARKUC38J0WBVqUTjaUM1fcGmJMA2mJD5oefy1jIZTDKW2EITMKFoUH-Ol2oziYW5RRIa8MnvpO1eGsZQZkplK5DhOddS5_aJRIBHm0Aj__vIsY3WM4ILA_hr2IgA==&xkcb=SoDA6_M3kXtK-GzN1B0JbzkdCdPP&camk=UoKtGZLa3XJ4gtK-KUV_gg==&p=2&fvj=0&vjs=3,python developer,Belgique,2026-04-21 10:29
Software Engineer Python H/F,Extia,1160 Bruxelles Auderghem,https://be.indeed.com/rc/clk?jk=98c707523f1f7ff5&bb=zfyFo6JFrnqkQlAihhmSm3rWrVFrcU-rp14Z-2AcrHVQ8WXq2qYwOQ4_Ld1zlFv-PLlB1uhrS-J8Ked2DSMIoKFqdPvUGmGwkv7zl_mkZZ91GQ6T-EoOF1H-K5dEZ4AR&xkcb=SoCA67M3kXtK-GzN1B0IbzkdCdPP&fccid=51f8790ad48982e0&vjs=3,python developer,Belgique,2026-04-21 10:29
Développeur/se disposant de solides connaisances en Python (m/f/x),Travaillerpour.be / Werkenvoor.be,Etterbeek,https://be.indeed.com/rc/clk?jk=e41cf14ce762599b&bb=zfyFo6JFrnqkQlAihhmSmwKELPQD-z_b3Q78M7Gw0G2esw3uWhmQCI_2P1ddLTKuUmgpPRXhTAeMx18b5f3KSatLgt350g4gprLYft-b-XsS-NPm65MBLBDg9V0wIMAX&xkcb=SoAO67M3kXtK-GzN1B0PbzkdCdPP&fccid=325d7c89ae6752fe&vjs=3,python developer,Belgique,2026-04-21 10:29
Python Engineer / Test Automation Specialist,Mutualité Chrétienne,Schaarbeek,https://be.indeed.com/pagead/clk?mo=r&ad=-6NYlbfkN0Dgaxn9h3XtOGOAfVDXAFhl3-1dziKi5Fb-TPqvum3rcljv_J8tx4ChBAC682GfdQ1jB3PqQ4d5GXsjAWZ-EUPp2Yfj_ndetbsb_DBIi09I73R6eV1juhLfIfhDmy6PnPkHOtPvlCNbAh9n4ojGXPn1IhVrJgt0lYEgLfOZdOkhgGSfta2BHpYUlb5s0QUvq9skIYvKYWs0kUZkbkrMAVrxCumDvKtL-QIe1i97hO__c72O3ljofh9h1Fh17lBSDo-IrWTVkGqUYpbsZ_OMIEMk5aQC0OA-6BkBmKf8qI252G6EvgrXAhIYMJMAyEs7Bps9WCjuznsAf-pNIrJeGzsg6dvXczSsKhlOD-qBRR1R9FTC0gCuO6LC530KJVn6zpRP_zjCo51ANATLFFxyChEJiEcxTcpQxXpwPQr8fro4NX8WmvipMhwPYyFXMM0IdyXRAxuBN-mcvoSNVd1caJXkjWdX5KmA8n0WpcGE8b8jReWVfEzf10lqxlgXhyren0NfSKo1-4-VT2DtLkuP2TP5uLct3BOuA14zhZrdxJC6UkXwNF6BUqIwCwH3SwBn_poR4gaBJcJobA9sMqdR1QfmQMHNkBCZuy8IqEQz0D6kVNtu7afj5miciirP0VXJK0PS8IwCgxyA0EFjZf8f5SjjMee4qhhPkLtpgdRYrSZEN4-mLvwIT60U8IqyP2ldttG3fRgvRwFeSCIoQ2AX0Qsd1CVqxaP9nmZzD35BBOEr-aEXbg8EK-hU_LCeaOdHhXI=&xkcb=SoBO6_M3kXtK-GzN1B0ObzkdCdPP&camk=nUmJqO2E8riMWev5Fz35qA==&p=5&fvj=0&vjs=3,python developer,Belgique,2026-04-21 10:29
BI Developer,Smals,Bruxelles,https://be.indeed.com/rc/clk?jk=f03d1f016dac7858&bb=zfyFo6JFrnqkQlAihhmSm0SODJgc97LLAzm9p5XmP33Ot5o8KymsOkQDM84Jvv-tJlLexajkflqUiGEv2KZ47fO18B7Qq8mEvNiCBRp7nxjB9mT2dYwtacmPo0siUSnv&xkcb=SoAn67M3kXtK-GzN1B0NbzkdCdPP&fccid=06d3cbc8540df2a6&vjs=3,python developer,Belgique,2026-04-21 10:29
Software Engineer Python Confirmé H/F,Extia,1160 Bruxelles Auderghem,https://be.indeed.com/rc/clk?jk=bbe0b98b2ce4f82e&bb=zfyFo6JFrnqkQlAihhmSmw80Oho5pRHV8z0xatvSjsYOFvDvEolooS5lTeZuUfLe4fVAnr8Md7MGbZmu3DU1nAHbG31Ve_Kes2-mW_JKvBKANgU2tG2zNeIlZdN0Hkjw&xkcb=SoCT67M3kXtK-GzN1B0MbzkdCdPP&fccid=51f8790ad48982e0&vjs=3,python developer,Belgique,2026-04-21 10:29
Business Application Developer (.NET & Odoo),Embuild,Télétravail à Bruxelles,https://be.indeed.com/pagead/clk?mo=r&ad=-6NYlbfkN0CmGzI3U24-o34otkjFZi67HbiJsRYvr1xSi-T-nFie17AZXor4Ck1Rc43ITnRw7v6ZigA-wCazOO4RXW7JlnsuctwqNmF3RIDqKORaRF8x5P_A7E-uvqrTUxuyoBvLAyFGUbeYytmfRobx5ndwILDM5N0rsZglinamLYgrYGW_G5ly8hF8uYH_hmtX-XzVePmEF-rMsf9ZvRU48s2RAXnDoxM8qD9p_I_53CEsc35AvEUB7v_1XfO9QyEePVUYMsEAj32O-Vg4FkOkysLUddNj8fysYHCm5-lUsA8nuJOo7Ph5DNtt9N9nufaVH-Wio956HBeZTiWmn4VKKLK17yio65nVY4L5UEuNAkpcVGkgWyLnYTRWdwO2L9teFHf4DF5LX1Ay-FK9HAXzlcgsMKWiuKLgaf4xA14VlR4KysN0HadN-YDK8E10rKXFmqYaIUvk-rWzewwfhhCthEE6-nKJbGagGz59DaBFnUjL2yRhJOMaNT1Z3-JtTW7KpNl4qNwr_xPjI6F2hQDZmXAd1S7iOmHaHP-aDmqYk1oSqpY-f_8POkYlP29pNxOLNW7m4px0BYDKK2UXJMOY0CUfnGwXitOP2lV-pEGGotxpXfctqI2E6RHQGqQ0D7SBWk74uymOMzliU8a9vot1Z7EZH-Txhr3Gz_LfnNi-BD7tXwfxqvSpVmIkvQIueXWnH_8nTXhb1oWPJpZngQ==&xkcb=SoCO6_M3kXtK-GzN1B0DbzkdCdPP&camk=C3EPSzFlQw_sczc4_ouAPg==&p=8&fvj=0&vjs=3,python developer,Belgique,2026-04-21 10:29
Business Application Developer (.NET & Odoo),Embuild,Télétravail à Bruxelles,https://be.indeed.com/viewjob?jk=a1b2c3d4e5f67890,python developer,Belgique,2026-04-21 10:29
Reverse Engineering & Development Analyst (m/f/x),Travaillerpour.be / Werkenvoor.be,Télétravail à 1000 Bruxelles,https://be.indeed.com/rc/clk?jk=8cbd4dc9f430b202&bb=zfyFo6JFrnqkQlAihhmSm-6C33TKqCcEyW_lENIoLeeggfX_9RVSGbIrMAyssKIeyeWjasqCxyzqXGe2X1gKP8EJPw36QBxWmvOd7hE457aXm_SVLyQ9vB0SLmq7T27f&xkcb=SoDO67M3kXtK-GzN1B0CbzkdCdPP&fccid=325d7c89ae6752fe&vjs=3,python developer,Belgique,2026-04-21 10:29
Software Engineer Python Senior H/F,Extia,1160 Bruxelles Auderghem,https://be.indeed.com/rc/clk?jk=aa3c6d50c58fa748&bb=zfyFo6JFrnqkQlAihhmSm2udbrUCuwHF72b-lb-H-DYgpeuV1G0m8F4Xpmff_RkFipz6aCkAxw1W-3_2c5wJp5YHkBgk_NUHGbypRAoCATXTDbS-5OOGpDHAarBT1aO0&xkcb=SoBT67M3kXtK-GzN1B0BbzkdCdPP&fccid=51f8790ad48982e0&vjs=3,python developer,Belgique,2026-04-21 10:29
Power BI Developer & Administrator,Paradigm,Bruxelles,https://be.indeed.com/rc/clk?jk=b5410d56c48b1cb2&bb=zfyFo6JFrnqkQlAihhmSm3g8S-yGcxverXv8yhDlnqcyv6fm8ZpXC96f9jyKSedafM9F4HMy7mV5WiXx5IIfbUbG43iYmCBl8H44k1f-5-j0RLEbkLjvK4rpAzSLcDbB&xkcb=SoDn67M3kXtK-GzN1B0AbzkdCdPP&fccid=756b56d5afcb7d62&vjs=3,python developer,Belgique,2026-04-21 10:29
IT/Tools Operational Development & Support & Full Stack Developer (H/F/X),Floreal Group,Bruxelles,https://be.indeed.com/rc/clk?jk=de290e9d15d6a5f3&bb=zfyFo6JFrnqkQlAihhmSm-tBbKDWx6Cn2pjgJv6vwA3-P38pqIdtqebA7Y6pTZGL6umGB3JgeDRfIK_v93aEYcDG2gxAsQ5rIsyGnzSJ4jBLR-Cm6abwyyP2lH4saGVs&xkcb=SoBp67M3kXtK-GzN1B0HbzkdCdPP&fccid=55ea39be10300be8&vjs=3,python developer,Belgique,2026-04-21 10:29
Business Analyste - Développeur Automatisation,Solidaris Wallonie,Belgique,https://be.indeed.com/rc/clk?jk=4b57382437bc420e&bb=zfyFo6JFrnqkQlAihhmSmza775sHwSy_ANlqgmxscB4SCtICfuXh3frbIy6QEAlzWVAUWjMuCHV6SfqUByaY8Z7anlJofQHmFO16ggXqA6Clab86NG5NY56nQFh0R2jX&xkcb=SoDd67M3kXtK-GzN1B0GbzkdCdPP&fccid=73976e71f4d0084a&vjs=3,python developer,Belgique,2026-04-21 10:29
Business Application Developer (.NET & Odoo) - Du concept à la solution : vous développez des applications intelligentes,Embuild,Télétravail à Bruxelles,https://be.indeed.com/rc/clk?jk=47905d5f95520cd7&bb=zfyFo6JFrnqkQlAihhmSm70FQdR1jMyU7_ZKyNzmF4YhZirrO_N7aEYPUHyLMqfIlfZdpQoUQKGMw0AwCXQaOgukJ-BYVPqmbUghGVKHCsRnxWLjYuQdxktilhCb2JtQ&xkcb=SoBA67M3kXtK-GzN1B0FbzkdCdPP&fccid=ad48c3a494983266&vjs=3,python developer,Belgique,2026-04-21 10:29
Stagiaire Business Actuary,Athora,Bruxelles,https://be.indeed.com/rc/clk?jk=888f2bc659f73269&bb=7vvrB6FWMGOlAGwTLdUGO9pjQovcHfxwfE5pVc53oIe4qRMV4nJHssIGohTv7LPaV__PEYhjd4U1SNcMCJ0mlG4oK7IHiCh3qUHVIBbnlt22E5hrkvck4DhXPmx3l7CBST24n9n2uG4ma5iJnNqZs8el_4ARlYqv&xkcb=SoD_67M3kXtKbVAfYj0LbzkdCdPP&fccid=6f6f67165910ca26&vjs=3,automatisation RPA,Bruxelles,2026-04-21 10:29
Analyste Développeur RPA Senior (h/f/x),Federale Verzekering / Fédérale Assurance,Télétravail à Bruxelles,https://be.indeed.com/rc/clk?jk=0e5e614cbf2f7951&bb=7vvrB6FWMGOlAGwTLdUGO_EnUuA3gHJzS4NGjQO3w4Bxn892tYf_5bfoKBGZYNM32hlsf9GSEpBWY3mrLmzGTXG0crS8ejKF421IgruKo_Mn7mAdLTSLDtDR5Ekeo6odTCbizfLixrgGRszp4KUffigckUfahVbd&xkcb=SoBL67M3kXtKbVAfYj0KbzkdCdPP&fccid=58ae8cc95293998a&vjs=3,automatisation RPA,Bruxelles,2026-04-21 10:29
Analyste Développeur RPA Senior (h/f/x),Federale Verzekering / Fédérale Assurance,Télétravail à Bruxelles,https://be.indeed.com/viewjob?jk=890abcdef0123456,automatisation RPA,Bruxelles,2026-04-21 10:29
Architecte IT Driven Solutions (h/f/x),Federale Verzekering / Fédérale Assurance,Télétravail à Bruxelles,https://be.indeed.com/rc/clk?jk=2de85608670102e0&bb=7vvrB6FWMGOlAGwTLdUGO5eNTc2xtozyFWxwiZ-Mv6tE8MYOmb-S8yrQq1VsFQk0intEwQ7J8yC3OZmQjU4p5erJ3k8xu_P96w1i-FU8MMVS6_VLfI7MwOUWO1Oqj7vpbwO9QxwRbar-U_-17rlvS2JXH2x6D1qw&xkcb=SoDW67M3kXtKbVAfYj0JbzkdCdPP&fccid=58ae8cc95293998a&vjs=3,automatisation RPA,Bruxelles,2026-04-21 10:29
RPA Developer,LEVUP,Télétravail à Charleroi,https://be.indeed.com/rc/clk?jk=e209544b345d868b&bb=6G1kp-R1LSbwW9mJ8-y_0sqUwtPQt6l8t_8bNTzVFNYeMxcMrOPyqfyZYJ0Lo_4WQBJQ6HxVABXDdCV8LQG7I8DNLuLY1UcJ2xybUk4qdJQC_Z_jtcaVhcGyYmLpevOv&xkcb=SoAz67M3kXtJ7ITDC50LbzkdCdPP&fccid=28226158cf6cfde1&vjs=3,automatisation RPA,Belgique,2026-04-21 10:29
Business Analyste - Développeur Automatisation,Solidaris Wallonie,Belgique,https://be.indeed.com/rc/clk?jk=4b57382437bc420e&bb=6G1kp-R1LSbwW9mJ8-y_0mOG9TKD-L6kAGn-2crGA_JjcUCMJAgDMoHcFZ5YvnV5q02xPrxVjeuwlo5zyJAtba3LrOHrDCjLQctKbKJWa258GUEkstZuqsCAaMGS905p&xkcb=SoCH67M3kXtJ7ITDC50KbzkdCdPP&fccid=73976e71f4d0084a&vjs=3,automatisation RPA,Belgique,2026-04-21 10:29
Analyste Développeur RPA Senior (h/f/x),Federale Verzekering / Fédérale Assurance,Télétravail à Bruxelles,https://be.indeed.com/rc/clk?jk=0e5e614cbf2f7951&bb=6G1kp-R1LSbwW9mJ8-y_0hVSPcm9QCv3OeTHXdPgzQJX2i_PHpL3TtQu51fzEW7XpwC8dH0gcQcm-gvl7Xj0UMtq3bWihidLeycZeFAG_GPK67q3YpLSjQc9OIYo5HOe&xkcb=SoAa67M3kXtJ7ITDC50JbzkdCdPP&fccid=58ae8cc95293998a&vjs=3,automatisation RPA,Belgique,2026-04-21 10:29
Analyste Développeur RPA Senior (h/f/x),Federale Verzekering / Fédérale Assurance,Télétravail à Bruxelles,https://be.indeed.com/viewjob?jk=890abcdef0123456,automatisation RPA,Belgique,2026-04-21 10:29
Stagiaire Business Actuary,Athora,Bruxelles,https://be.indeed.com/rc/clk?jk=888f2bc659f73269&bb=6G1kp-R1LSbwW9mJ8-y_0siYT956dTHZUYy7ZRz5-IlIflCvsttU7JYqafgopwbweV22qntvJ4hM2CylEUL5eBZOlT37ilSO_y2dxv9KJ18qBgvgatlHY9kjlskQxnuv&xkcb=SoCu67M3kXtJ7ITDC50IbzkdCdPP&fccid=6f6f67165910ca26&vjs=3,automatisation RPA,Belgique,2026-04-21 10:29
Architecte IT Driven Solutions (h/f/x),Federale Verzekering / Fédérale Assurance,Télétravail à Bruxelles,https://be.indeed.com/rc/clk?jk=2de85608670102e0&bb=6G1kp-R1LSbwW9mJ8-y_0nfXFV_k_UfRzlyR77ussdczYdhzys_mE7j6YU-tNRgAcrSLryEVFSiyFR16RFUY8nPHmKEQRh6z9upxNk6Cr8kaz4ixAesB_EQSVlretoNP&xkcb=SoAg67M3kXtJ7ITDC50PbzkdCdPP&fccid=58ae8cc95293998a&vjs=3,automatisation RPA,Belgique,2026-04-21 10:29
Data-Analyste (m/f/x),Travaillerpour.be / Werkenvoor.be,Saint-Josse-ten-Noode,https://be.indeed.com/rc/clk?jk=dadba39bcfcbe3b8&bb=SpcXdVmSMGwanYuOFtgXaCbyjmi7IK_8449WVm1UkvTR4gcLYl_Qhh1eIn1BpH2zFHQ4tBwJ2URgmU7h3ztboqwuyqlIWKOCEFHk-q0YiwFj0_Pmc_qZ6yTdALNhy2lU2KGjsBnqrzygswP6d2X9PA%3D%3D&xkcb=SoDT67M3kXlQKVzN1B0LbzkdCdPP&fccid=325d7c89ae6752fe&vjs=3,data analyst,Bruxelles,2026-04-21 11:43
Data Analist (h/f/x),Fedasil HQ,1000 Bruxelles,https://be.indeed.com/rc/clk?jk=cc69992b491313de&bb=SpcXdVmSMGwanYuOFtgXaBUN8Cv01SdhBW6SyhAlbdc4ssrV0RE3VBRiOmOfTWtsh05LNfVvd2OKd6OYsK-y2hbIuw8gacA-2imkdpypT1KjKIj00fNAPXIeyUOFO_KpEllJrry-p2Ejpw2mKm5FnA%3D%3D&xkcb=SoBn67M3kXlQKVzN1B0KbzkdCdPP&fccid=6948a7bbab452a34&vjs=3,data analyst,Bruxelles,2026-04-21 11:43
Data Analyst - HQ Bruxelles,BNP Paribas Fortis,Bruxelles,https://be.indeed.com/rc/clk?jk=3c395bd0df4ebbb2&bb=SpcXdVmSMGwanYuOFtgXaHw6A3C1UkAsJxz3eFS3DPZTKornvzC_n9Y3VYlfY6jEA452Q_12IIzO3qGNDQ5cWTIe8eaPmENMbBCZM4XQ7K3tYTffsnm3Z_Gxv5NbqmX0cWzSTn7cYzMxSjDNXaQDBw%3D%3D&xkcb=SoD667M3kXlQKVzN1B0JbzkdCdPP&fccid=1392500f835bba92&vjs=3,data analyst,Bruxelles,2026-04-21 11:43
Data Analyst (H/F),Extia,1160 Bruxelles Auderghem,https://be.indeed.com/rc/clk?jk=f8f457a06de03c5d&bb=SpcXdVmSMGwanYuOFtgXaNvXaDwohycxONt0p_5x7ro7PolMfsnvsyrguhbd9ult7HcEEoCPxlLP4CAYQTavZuInQcyJaJMe898KZrErt0BuuXlPWLtG9z9D6JDQGd_IRYSQprgfw1OZDcZi_9Ytcg%3D%3D&xkcb=SoBO67M3kXlQKVzN1B0IbzkdCdPP&fccid=51f8790ad48982e0&vjs=3,data analyst,Bruxelles,2026-04-21 11:43
Data Analyst,SPF Finances,Schaarbeek,https://be.indeed.com/rc/clk?jk=f5719035b7e6af97&bb=SpcXdVmSMGwanYuOFtgXaJ0QkCBnycPiC2VY8HkcvHzg7jnMhN6_j7huQN7z8jAY2PGTeDXW544blKSgKuWmhDYe1WUM-9h10frl2nYkHn8A4RkuC0gBVE3_G9rShoiqvvlG1UbWd5b0SXcT6K_-AA%3D%3D&xkcb=SoDA67M3kXlQKVzN1B0PbzkdCdPP&fccid=9ec06fd843cfde0f&vjs=3,data analyst,Bruxelles,2026-04-21 11:43
Data Quality Analyst,Smals,Bruxelles,https://be.indeed.com/rc/clk?jk=f4627755309a5222&bb=SpcXdVmSMGwanYuOFtgXaMhsXWLpTtRI2Aq5Vc_5ziEJvOcPDRHsHyDZ2PImQnoE6uAtZkefqTIGer7grmwduptYkgJlP74NVXuXp1mYIFG83RZfjXW7XZrBQ2noxGmhFekH-YM1grHAUOwI_D7xhSKFqPNQQhrt&xkcb=SoB067M3kXlQKVzN1B0ObzkdCdPP&fccid=06d3cbc8540df2a6&vjs=3,data analyst,Bruxelles,2026-04-21 11:43
Data Analyst,Carrefour,1930 Zaventem,https://be.indeed.com/rc/clk?jk=39f37205f5d8295d&bb=SpcXdVmSMGwanYuOFtgXaEQqphj6zF5YPYDhesTCn83oIUgTjJGuA-oLCvUNqfVLLvEDnk9q139EBMBBPKM_KwVrtyNlcuSa7eSNmNivhMiKxD-HjnSPyiIOkxYlCW8_gV63DgjLN5KmUgqt9-QzJw%3D%3D&xkcb=SoDp67M3kXlQKVzN1B0NbzkdCdPP&fccid=669350d87ae4a4a6&vjs=3,data analyst,Bruxelles,2026-04-21 11:43
Functional Data Analyst,Smals,Bruxelles,https://be.indeed.com/pagead/clk?mo=r&ad=-6NYlbfkN0Ap2FULOwKTV8wmlC80HtiicegvfVJ2HGG_JhsTsMSe7WrvtKJovykk9_fzekhjGDROA7hIvXyopYTIw_yjlgSJdkTdWu-cfOzh_N8js_1HjjDr6zjt1wylvnU7MqN9HV5QkLWWBV3AeFhAA9gxFSpGpEqH4QM3CXv8zGgUYu2tlWcQjtT2zw-R4bgxLcj6tsBhELpAmNPO7nf3FoRnV7xH5OjfyngbmLXJMdMs7D8v0SBWfvStaKtiNr8kvL31ldCSaY_NrL6ki9HV1lU2I_bfQLtPg5eyaaRwRKYg2slHJ2I805fIoml6DbqICCP-eFhRIii68-qDZayWCpbcovXHt51dA29VhXm5BONut-6fJYUWzndr8eOBaZNXzBYBNBEnvANCh1FGJiXFhAH_ZOmZfAUcxfgNbX5K5zbfPk5bxN6vM8f3auFW2pemIFENoJT5JQ9ZMQp6baWjRjoa8xL16qsT1LVIpC47fdCoRcV_v33wUmOhWqDur4EqTyg4n3aKnpyHccNdqmuiMM2uRKxsRpNnMNWfR9gQaSabj1Ej7l0znGoh40L1zHhfbf4yua-mFr8-sHcjtjLyXL9DD19B4kFWljojOwmxAvQkEvl8W747EcnEuOD1VRh76L0TM8P697lh2q3RgSaVKD2c_ZLCY1uSx0qZwhu3r0f44ltLlOEi3mz2hhbdSQynzQnyzRhqKnA0PQvf_Qmw0Q0jrLbyYHNqgpDg9OUPUoI3ozW152NpWrBb-9JjIHyoBfRfSzqXowG4bQ_aqzCJ_KgJ-5opKUByTgDsjXHE30DamNKZNREFYNUeqrZJa59RQlQKfNGWr1BnBKPZToFiLcjpdTKtkz2WtqKifTsjpvsgvImkAalfLL0YVmqaAJAfYp8meJJcHwaokq7ocA20Bl1aZhd969sc8q7OdgHCY0xGFP4e0Q==&xkcb=SoCp6_M3kXlQKVzN1B0MbzkdCdPP&camk=nUmJqO2E8riM4OPJINzs_A==&p=7&fvj=0&vjs=3,data analyst,Bruxelles,2026-04-21 11:43
HR Data Analyst,Delhaize,Télétravail à Asse,https://be.indeed.com/pagead/clk?mo=r&ad=-6NYlbfkN0BVoitxMfDM4Cg43CFhNuK_pHhGdygZs_Zgr0DamRS3PHi-yVmindp4_0auNsock_EvA5EoeV_mizlwf9GZc3BPoDAVZCTwl10uHcaK48af-gkmEHoqnJ3rrrg7n23KpQVFqcajaWSQhRkKqPZPqn3deNYGr6DN-9pXcRXvniiJjnei56RIlaf5wSt4N7PWtH8YjxM8qaYpH_MdMl4YaHXLUNqZG1LfMFAzi4S4IcJdFnXQVdPhRMZxTmnpvMWw7kk068JXgNo1Hf-k-VBaJy0AnHerMKJHRdIm7fory_gReqiYnc5daZLz2833Me0CV4K6omvjjHJufaz8NqDZHOnDiOQNNjm0p8Vl9VxUPFI5wzj9Hg4HucHjmSBY-S4b3V9coexdXfc04QW1hkjqbwT0fKWRJfaXbStTgcIRgbY-epuRWuPIBmgrAm3QU_FAslRcKjtkNs4zsk_kYzfJPOAsF_fq3aYdQvRdhYhbgP7PTUvRhMJv_V-90JBqjw5rHgeHmruw801vbX0T_guhvFOV-d5KjZPxQwZyBpLN6b2QeJwJBTpnXP_KLM4RbB8UhI1jRuuQG4Y9dgYGMhvKcD38Im7S1yIADUrfAvnJPdXDAated2vJNfE_PL88zEhYlqafTT_p1dI6U7p8gX-W62sGJxD-87911x4zFWOzb7eWCvivKvqh1UXw-14tn1BH3It41U1_6F5KqVwQRn-OLQTKTSsRQhbWT4d1LxdTpZ65LjL89CdPz0w0hWbEHPIT9HJ2El2clZOml1-j8PIP3426v43zP9bO4jXfuE7RFVt1PsYuzSGwwVRcn7fB7i9_BNjJo0nk2m05nbLDRK4rIbvF76fDfrMDShwZqMF8sOX3cfP-X9El1TBh8sIsmMAACyzuNKaPd2teAH6uCQ3RCJgKcyFms0YmuddRCWNPNDyKwQ==&xkcb=SoBA6_M3kXlQKVzN1B0DbzkdCdPP&camk=f416UQcMBpCVH-3BRAnLtw==&p=8&fvj=0&vjs=3,data analyst,Bruxelles,2026-04-21 11:43
Data Analyst,skeyes,Steenokkerzeel,https://be.indeed.com/rc/clk?jk=f49090538378cb11&bb=SpcXdVmSMGwanYuOFtgXaMhsXWLpTtRIz-kGpHlHnencd8siFu9HokKZE0Mo9NHcXsGVxrXh7BO9BN5WhIN5FTC6fx79qY7RgT9UTdsnEW_b7UOseZw7Y1JF-up4alCxSvNZROqqPugt_EKl49NTxQ%3D%3D&xkcb=SoAA67M3kXlQKVzN1B0CbzkdCdPP&fccid=72d4b72de2492726&vjs=3,data analyst,Bruxelles,2026-04-21 11:43
Functional Analyst H/F,Consort Group,Travail hybride à 1050 Bruxelles Ixelles,https://be.indeed.com/rc/clk?jk=93cccc420ea49c80&bb=SpcXdVmSMGwanYuOFtgXaLJATNDoIN8374nwEJ2HNdqueailrHF76C0XDbho2uesuRv8TG-srdswz434CCMverOC2sS5fqiRZ0nv-Ib-PlXHIFCAD1Ez4AMf1s1RR1ZhCikrUGdzydYoCNYQXe8RWQ%3D%3D&xkcb=SoCd67M3kXlQKVzN1B0BbzkdCdPP&fccid=7fae83e39c149e0c&vjs=3,data analyst,Bruxelles,2026-04-21 11:43
Business Analyst,Infrabel,Anderlecht,https://be.indeed.com/rc/clk?jk=157ea2cfdb848b61&bb=SpcXdVmSMGwanYuOFtgXaFt51ec-PwCwuV0sdTc_E3lJea1X1r0zArmPeET8wNTo0WlWg0DNgwUHwc8Msg61s4de8XWnb4POjEjsBg_nRw4T9upKVdtqDkNva9NvVmckspAZPHDrWvbTqzAaRVilJQ%3D%3D&xkcb=SoAp67M3kXlQKVzN1B0AbzkdCdPP&fccid=ddd0400dc6cb0b6c&vjs=3,data analyst,Bruxelles,2026-04-21 11:43
Business Analyst,Infrabel,Anderlecht,https://be.indeed.com/viewjob?jk=0f1e2d3c4b5a6978,data analyst,Bruxelles,2026-04-21 11:43
Data Analyst Confirmé (H/F),Extia,1160 Bruxelles Auderghem,https://be.indeed.com/rc/clk?jk=dafd6f64f3a9d598&bb=SpcXdVmSMGwanYuOFtgXaFZGpXb_lRcuiy4xnNage6dbXl_vzI3NkR8vH47156GZpgwT_Qi4cRqeK2oExnOtv-Q9YJSddvjH1kDaHwYh_I5sRBqXXd_TKSbPCup8QzY_VtwZ4A-eBibJ9N8cCTMZKw%3D%3D&xkcb=SoCn67M3kXlQKVzN1B0HbzkdCdPP&fccid=51f8790ad48982e0&vjs=3,data analyst,Bruxelles,2026-04-21 11:43
Data Functional Analyst,Smals,Bruxelles,https://be.indeed.com/rc/clk?jk=d8d2808c99c05282&bb=SpcXdVmSMGwanYuOFtgXaJsOipx60CQIjsbzIppoZZdXykYIRQjKQTb9A3rTF0_mKj02nO593iti9cnQCXHhx7un7qjkvbTMQOv64Gz8xDAkAz15Q09KEwKwGNp5gdOqw2FDfEzdklOE0D4UltSSmgmXetfARvgk&xkcb=SoAT67M3kXlQKVzN1B0GbzkdCdPP&fccid=06d3cbc8540df2a6&vjs=3,data analyst,Bruxelles,2026-04-21 11:43
Business Analyst H/F,Quanteam,Bruxelles,https://be.indeed.com/rc/clk?jk=932f3bbdb423916f&bb=SpcXdVmSMGwanYuOFtgXaFOuxrcYdrMjVr3PY8cQ-s2IHvo4rEfTb27DjzAZXx1OT0k14E9Or059Dvz_sQccEqDhuANQGmS7iAl6TIcV94_GOtBvfhjwUTdaw8kMmlS3MuMq2s7WbpL3vWVNof6pTA%3D%3D&xkcb=SoCO67M3kXlQKVzN1B0FbzkdCdPP&fccid=bf3fb669dcbf8d45&vjs=3,data analyst,Bruxelles,2026-04-21 11:43
Data Analyst - HQ Bruxelles,BNP Paribas Fortis,Bruxelles,https://be.indeed.com/rc/clk?jk=3c395bd0df4ebbb2&bb=0sFG8ar601-RFisrJbZCG3JD2zSvZsWPAajXC1LgxSgVge5XmBr12mXdIJx3irmng7q9ic7dayainfCuQigYkuiTytwLzcuB3ezeeJKrBEydNRr16OEpcaul0chyJpCcefJTzjx4YxmcgoCtFU7i7A%3D%3D&xkcb=SoDf67M3kZzd0xTC5R0LbzkdCdPP&fccid=1392500f835bba92&vjs=3,data analyst,Bruxelles,2026-04-22 08:22
Data Analist (h/f/x),Fedasil HQ,1000 Bruxelles,https://be.indeed.com/rc/clk?jk=cc69992b491313de&bb=0sFG8ar601-RFisrJbZCG8lH4NVHO-1IAUtd0wrrDdkaY1QNJurDAYN0D2PrXuTTjkrcZm2CccV48_43jdlG08yivmEjchoEexI8GM2gLt5I8HOszAKc5Fe9OQEROjgV1B0UtKL4Y7vRnk8ch3KAmg%3D%3D&xkcb=SoBr67M3kZzd0xTC5R0KbzkdCdPP&fccid=6948a7bbab452a34&vjs=3,data analyst,Bruxelles,2026-04-22 08:22
Data-Analyste (m/f/x),Travaillerpour.be / Werkenvoor.be,Saint-Josse-ten-Noode,https://be.indeed.com/rc/clk?jk=dadba39bcfcbe3b8&bb=0sFG8ar601-RFisrJbZCG3uli51xce2zZKg8uUzqxevRUNGg28NuyLR6FrDBYiKzIX5Q-oKzUagrrNvhWrmfhlINngF89Zb5pe0WHR5fw_AXby4DRpZvprV_cwuu5tdZ03oTGnt8N8lWJR4SYIa12A%3D%3D&xkcb=SoD267M3kZzd0xTC5R0JbzkdCdPP&fccid=325d7c89ae6752fe&vjs=3,data analyst,Bruxelles,2026-04-22 08:22
Data Analyst (H/F),Extia,1160 Bruxelles Auderghem,https://be.indeed.com/rc/clk?jk=f8f457a06de03c5d&bb=0sFG8ar601-RFisrJbZCGww8qubUqEdH_blaksciC9sqCmGNr36eN7HDtqSyvszuAlB_3sS9Jh-t4r7bHZmsNx5O1OibXX0lLsBMJF133s6sslOt2XTnz3DPfDHMeK5ualtcKnfYgxb9ZF_wUw0gXA%3D%3D&xkcb=SoBC67M3kZzd0xTC5R0IbzkdCdPP&fccid=51f8790ad48982e0&vjs=3,data analyst,Bruxelles,2026-04-22 08:22
Data Analyst,SPF Finances,Schaarbeek,https://be.indeed.com/rc/clk?jk=f5719035b7e6af97&bb=0sFG8ar601-RFisrJbZCG_jXC0GZrnOYykf84ybztJpZQVjL2ja9uzl0lXUNOBN1tR8l0-EAeY4_vnrqyIx-rlcTusyqy6gPvnNUe37Q3xcvptLw72XCSF5iIqjy74Dt4BgUyQ4OaE9G14KJgRAnZA%3D%3D&xkcb=SoDM67M3kZzd0xTC5R0PbzkdCdPP&fccid=9ec06fd843cfde0f&vjs=3,data analyst,Bruxelles,2026-04-22 08:22
Data Quality Analyst,Smals,Bruxelles,https://be.indeed.com/rc/clk?jk=f4627755309a5222&bb=0sFG8ar601-RFisrJbZCGysMf9Uc0pasbSzcPiWHX5zn5K45EWeli5_6wLE0mECsoU2L7fUWhH7vvEFDR5kusfutlpk6F9a_qTX2kf_fWChjLKkpIoTQP3z0yDj_nh2-bh-SVciUt50ELOkR7P-VkCxMVCk-9djf&xkcb=SoB467M3kZzd0xTC5R0ObzkdCdPP&fccid=06d3cbc8540df2a6&vjs=3,data analyst,Bruxelles,2026-04-22 08:22
Data Analyst,Carrefour,1930 Zaventem,https://be.indeed.com/rc/clk?jk=39f37205f5d8295d&bb=0sFG8ar601-RFisrJbZCG6g2WYZn9BwbzIP-FEPivjZ7ZeP3MDdvRQo0_nrG5zTydujG6y6uxEBED2yyEJ48pdGDMsmPIiX5IelRy4Oh0J3JaX6ZpAnqcRgE8_I4KIEIBsDo_OC1QT81oiB4eKndsw%3D%3D&xkcb=SoDl67M3kZzd0xTC5R0NbzkdCdPP&fccid=669350d87ae4a4a6&vjs=3,data analyst,Bruxelles,2026-04-22 08:22
Functional Data Analyst,Smals,Bruxelles,https://be.indeed.com/rc/clk?jk=c2d0989b929f4ce4&bb=0sFG8ar601-RFisrJbZCG3iAeABSCSLYDAT7V7pmtXT_cs4lj1jka3akC8WTmBKEEfHyzyDiY5tt5tenCy3MWkebhEj89oynUdVHeb7wRhui4XIh63-rx7YM0d25P24sSIcBH9FHL2ADmDuFhBAijtI4zeQmNLYB&xkcb=SoBR67M3kZzd0xTC5R0MbzkdCdPP&fccid=06d3cbc8540df2a6&vjs=3,data analyst,Bruxelles,2026-04-22 08:22
Senior Business Data Analyst,NRB,Travail hybride à 1000 Bruxelles,https://be.indeed.com/rc/clk?jk=d9ec5f3692bebf22&bb=0sFG8ar601-RFisrJbZCG2pmyWTxLITotNKGRrh3AH_pT0hkrK3Xmxc5vv4JfPp1ZULHo9JZ-3Ky3WxRfPBj4fvtT_yjE3HLXOYhuJYz3n5v5lM4lc6OUgZ91BG3s3xtMiyvRmn2ANFX1ayAZBAInw%3D%3D&xkcb=SoC467M3kZzd0xTC5R0DbzkdCdPP&fccid=481a77af3f98c0cd&vjs=3,data analyst,Bruxelles,2026-04-22 08:22
Data Analyst,skeyes,Steenokkerzeel,https://be.indeed.com/rc/clk?jk=f49090538378cb11&bb=0sFG8ar601-RFisrJbZCGysMf9Uc0pasaaLVlJRjJBOwuq6CBM8lp9PmqTpES6wg7Hp0zEGqpqnBm9NudEMtII31aSTZbeaQuNijP3e91uEhWAnMkPLaBXrKadxc2_B8jPZYWFOh0d1LWNXyBJGnKQ%3D%3D&xkcb=SoAM67M3kZzd0xTC5R0CbzkdCdPP&fccid=72d4b72de2492726&vjs=3,data analyst,Bruxelles,2026-04-22 08:22
HR Data Analyst,Delhaize,Télétravail à Asse,https://be.indeed.com/pagead/clk?mo=r&ad=-6NYlbfkN0BVoitxMfDM4Cg43CFhNuK_pHhGdygZs_Zgr0DamRS3PHi-yVmindp4_0auNsock_EvA5EoeV_mizlwf9GZc3BPoDAVZCTwl10uHcaK48af-gkmEHoqnJ3rrrg7n23KpQVFqcajaWSQhRkKqPZPqn3deNYGr6DN-9pXcRXvniiJjnei56RIlaf52pvX0YUvIXc5wEqQLEqJjgXsMrwCuL_egjuWT386jOWZS3mUzfJw9l6W0sDP8ONlvY1CnGHIPnc3hXlD7g7R-0K7b0zMkud6KYawoe9KBsA98tJeZUbuv7kGceN2T30nbdnZXC2WuivlzTyavcOdlkXymhIu4Pd4oisg7-15J25ZPGYbqAPNWHdP6vIEiMe8MOIPTPEc6hWE7rGjXQD7UpjJvytNNvkwUjcaV3WWxibAvvv1Mgv1Y7VimyZnEj5NHjWeEU_4YczypO5eJnt37zCNJkfUEUFAZ1N18wp451QMuichhod5WF4fFyaMQq7T5FRxuLmTm2ipQHWaOzBjSQ67jBdozBMAqaebcnd5XwPItfc-D-S0BUEU_29OwU0R11kpbqCNOVv-0IJ30hITmmT9nyMJ_xc7BSqJaLNVsq2Obxkjpar36ycPJDX5iSz05ydAxlGv5HIXjzd7MtpSnlOc87ELSIUb76R8oYizjdYqMAgrMx4L_dM45S65rKjoM-SXm8Va78v-HPk_J_qQhZDdysiwONLXTpsHQ4sFtA4kqh8PtNCxX8k6ChxkDknP4YU0DeWhLSnZPzdtc7WfuKMjM9xVWpLoC2yCS225tWGujonFXr1Eusm5QcJXg7HdZ3AJmaR2bgPi88PKxLKL9nIfTZcgtn8jAeMQqLf4WAJh4_m1mxU3LJRLo1J8ZISU4mJqIwH4Q_R7KCteNhVOVC6tm-OsWwkqwi9waMGxNipQocHIZV5Rrg==&xkcb=SoBl6_M3kZzd0xTC5R0BbzkdCdPP&camk=f416UQcMBpCVH-3BRAnLtw==&p=10&fvj=0&vjs=3,data analyst,Bruxelles,2026-04-22 08:22
Functional Analyst H/F,Consort Group,Travail hybride à 1050 Bruxelles Ixelles,https://be.indeed.com/rc/clk?jk=93cccc420ea49c80&bb=0sFG8ar601-RFisrJbZCG2OVfq1Nc-AXFe6VGpHOHkbMWdEO6BFetIcr09mMDwkhXDTVzAulDxzmsnbLMHXBPNMYF5kgqxSNRVJTKwfWNAhfXR7pJPXO_M-nQmmmD8o23_5aVpqPvesJKyqwC0NLJQ%3D%3D&xkcb=SoAl67M3kZzd0xTC5R0AbzkdCdPP&fccid=7fae83e39c149e0c&vjs=3,data analyst,Bruxelles,2026-04-22 08:22
Business Analyst,Infrabel,Anderlecht,https://be.indeed.com/rc/clk?jk=157ea2cfdb848b61&bb=0sFG8ar601-RFisrJbZCG7f4SQiyRY7FkvP7JF7_v8nJYKlziAHEhTKigK6DWy5TYuk6_G37JBmYPv-T-DhGTcJbnECyfg6bC4KHImWDtGc7YeCEVScylWx1AMAHzMDATlObrhur39tLybgmFyaznA%3D%3D&xkcb=SoCr67M3kZzd0xTC5R0HbzkdCdPP&fccid=ddd0400dc6cb0b6c&vjs=3,data analyst,Bruxelles,2026-04-22 08:22
Business Analyst,Infrabel,Anderlecht,https://be.indeed.com/viewjob?jk=0f1e2d3c4b5a6978,data analyst,Bruxelles,2026-04-22 08:22
Data Analyst Confirmé (H/F),Extia,1160 Bruxelles Auderghem,https://be.indeed.com/rc/clk?jk=dafd6f64f3a9d598&bb=0sFG8ar601-RFisrJbZCG0cxsZ5AqqNGXr70dqThHVVi5cIucrOzbZAihtc1E6GHncjI1sOaGmj0oYmoAIm6y0XdT6d1lJB8yOL5z24YgoJ_i58NiESyhQEHfJB-n8IXlBtefQn0NLElHvoehkTGVA%3D%3D&xkcb=SoAf67M3kZzd0xTC5R0GbzkdCdPP&fccid=51f8790ad48982e0&vjs=3,data analyst,Bruxelles,2026-04-22 08:22
Senior Data Analyst,AEROW,Télétravail à Bruxelles,https://be.indeed.com/rc/clk?jk=2324232c89823544&bb=0sFG8ar601-RFisrJbZCG6g2WYZn9BwbG9lJzX4vn9OWYU3iY1ww3Ymh_61jKKnMZ1MdutflU1njbbDSez5xTiMPdvG7IIKAOzlzqZfpD-5ymc5f81K_OTGUkTrPXiZXoJafaYctHimx_JcGFKormQ%3D%3D&xkcb=SoCC67M3kZzd0xTC5R0FbzkdCdPP&fccid=f615869c963a999d&vjs=3,data analyst,Bruxelles,2026-04-22 08:22
